{
    "0": {
        "precision": 0.8958377801494131,
        "recall": 0.9320453031312458,
        "f1-score": 0.9135829342620809,
        "support": 4503.0
    },
    "1": {
        "precision": 0.7729970326409495,
        "recall": 0.681045751633987,
        "f1-score": 0.7241139680333565,
        "support": 1530.0
    },
    "accuracy": 0.8683905188131941,
    "macro avg": {
        "precision": 0.8344174063951812,
        "recall": 0.8065455273826163,
        "f1-score": 0.8188484511477188,
        "support": 6033.0
    },
    "weighted avg": {
        "precision": 0.8646847313034078,
        "recall": 0.8683905188131941,
        "f1-score": 0.865532624577024,
        "support": 6033.0
    }
}